size_kb,ways,line,accesses,miss_rate
1,1,64,2542557,0.000008
1,2,64,2542557,0.000007
1,4,64,2542557,0.000007
1,8,64,2542557,0.000007
2,1,64,2542557,0.000008
2,2,64,2542557,0.000007
2,4,64,2542557,0.000007
2,8,64,2542557,0.000007
4,1,64,2542557,0.000008
4,2,64,2542557,0.000007
4,4,64,2542557,0.000007
4,8,64,2542557,0.000007
8,1,64,2542557,0.000008
8,2,64,2542557,0.000007
8,4,64,2542557,0.000007
8,8,64,2542557,0.000007
16,1,64,2542557,0.000008
16,2,64,2542557,0.000007
16,4,64,2542557,0.000007
16,8,64,2542557,0.000007
32,1,64,2542557,0.000008
32,2,64,2542557,0.000007
32,4,64,2542557,0.000007
32,8,64,2542557,0.000007
64,1,64,2542557,0.000008
64,2,64,2542557,0.000007
64,4,64,2542557,0.000007
64,8,64,2542557,0.000007
16,4,16,2542557,0.000023
16,4,32,2542557,0.000012
16,4,128,2542557,0.000004
16,4,256,2542557,0.000003
