predictor,bits,table_entries,accuracy
bimodal,4,16,0.752465
gshare,4,16,0.703962
bimodal,5,32,0.795252
gshare,5,32,0.723159
bimodal,6,64,0.795251
gshare,6,64,0.731026
bimodal,7,128,0.795251
gshare,7,128,0.738012
bimodal,8,256,0.795251
gshare,8,256,0.745159
bimodal,9,512,0.795251
gshare,9,512,0.751492
bimodal,10,1024,0.795251
gshare,10,1024,0.757453
bimodal,11,2048,0.795251
gshare,11,2048,0.762210
bimodal,12,4096,0.795251
gshare,12,4096,0.765998
bimodal,13,8192,0.795251
gshare,13,8192,0.768569
bimodal,14,16384,0.795251
gshare,14,16384,0.769762
