metric,value
instructions,13494843
loads,1001059
stores,2122085
cond_branches,3124278
taken_branches,3122740
jumps,177
muls,1009
divs,0
l1i_miss_rate,0.000001
l1d_miss_rate,0.225795
l2_miss_rate,0.468843
amat_i,1.0000
amat_d,14.2958
tlb_hit_rate,1.000000
accuracy_static-not-taken,0.000492
cpi_static-not-taken,7.0094
accuracy_static-btfn,0.999827
cpi_static-btfn,6.5467
accuracy_bimodal-1024,0.999889
cpi_bimodal-1024,6.5466
accuracy_bimodal-4096,0.999889
cpi_bimodal-4096,6.5466
accuracy_gshare-10b,0.999867
cpi_gshare-10b,6.5466
accuracy_gshare-14b,0.999858
cpi_gshare-14b,6.5466
