kernel,entries,hits,sup_hits,walks,miss_rate
4 KiB pages,4,26593098,0,4069607,0.132722
4 KiB pages,8,28343669,0,2319035,0.075630
4 KiB pages,16,29272007,0,1390695,0.045355
4 KiB pages,32,30133852,0,528850,0.017247
4 KiB pages,64,30403893,0,258809,0.008441
4 KiB pages,128,30464529,0,198173,0.006463
4 KiB pages,256,30474408,0,188294,0.006141
2 MiB superpages,4,25786637,2262861,2613650,0.085237
2 MiB superpages,8,26866969,2262861,1533316,0.050005
2 MiB superpages,16,27366425,2262861,1033859,0.033717
2 MiB superpages,32,28021985,2262861,378299,0.012337
2 MiB superpages,64,28215194,2262861,185090,0.006036
2 MiB superpages,128,28237979,2262861,162305,0.005293
2 MiB superpages,256,28238362,2262861,161922,0.005281
